City_ID,City,Country,Date,Lat,Lng,Max Temp,Humidity,Cloudiness,Wind Speed
0,Ixtapa,MX,2021-10-28 17:01:41,20.7,-105.2,301.61,65,2,1.34
1,Hasaki,JP,2021-10-28 16:58:51,35.7333,140.8333,284.37,56,84,12.25
2,Vagur,FO,2021-10-28 17:01:42,61.4732,-6.8119,282.7,88,3,10.5
3,Saskylakh,RU,2021-10-28 17:00:32,71.9167,114.0833,254.9,98,100,2.29
4,Rikitea,PF,2021-10-28 17:00:43,-23.1203,-134.9692,296.65,82,23,2.96
5,Hinton,CA,2021-10-28 17:00:27,53.4001,-117.5857,276.2,62,54,2.5
6,Mehamn,NO,2021-10-28 17:01:43,71.0357,27.8492,271.1,90,100,15.43
7,Nome,US,2021-10-28 17:01:43,64.5011,-165.4064,262.13,90,49,2.53
8,Guane,CU,2021-10-28 17:01:44,22.2025,-84.0875,304.17,63,100,6.24
9,Ivanava,BY,2021-10-28 17:01:44,52.1451,25.5365,283.0,88,42,2.8
10,Puerto Ayora,EC,2021-10-28 17:01:45,-0.7393,-90.3518,295.12,87,93,2.24
11,Hobart,AU,2021-10-28 17:00:20,-42.8794,147.3294,283.16,92,75,0.45
12,Camabatela,AO,2021-10-28 17:01:45,-8.1881,15.375,292.58,91,92,0.71
13,Lingao,CN,2021-10-28 17:01:46,19.9103,109.6859,297.22,92,100,5.72
14,Tiarei,PF,2021-10-28 17:01:46,-17.5333,-149.3333,298.16,84,86,5.19
15,Qaqortoq,GL,2021-10-28 16:58:53,60.7167,-46.0333,273.87,75,73,1.55
16,Pevek,RU,2021-10-28 17:01:47,69.7008,170.3133,256.52,95,99,1.31
17,Port Alfred,ZA,2021-10-28 17:00:28,-33.5906,26.891,293.25,91,100,5.93
18,Lebu,CL,2021-10-28 16:57:33,-37.6167,-73.65,288.27,73,1,6.1
19,Batagay-Alyta,RU,2021-10-28 17:01:47,67.8006,130.4114,258.26,89,100,1.6
20,Saldanha,ZA,2021-10-28 17:01:48,-33.0117,17.9442,289.87,84,1,3.89
21,Jamestown,US,2021-10-28 16:57:16,42.097,-79.2353,288.72,67,100,0.89
22,Ushuaia,AR,2021-10-28 17:00:31,-54.8,-68.3,286.94,52,52,3.3
23,Nichinan,JP,2021-10-28 17:01:49,31.6,131.3667,286.35,74,0,5.84
24,Vila Franca Do Campo,PT,2021-10-28 17:01:49,37.7167,-25.4333,294.38,78,96,3.6
25,San Quintin,MX,2021-10-28 17:01:49,30.4833,-115.95,296.24,39,0,1.13
26,Leningradskiy,RU,2021-10-28 17:01:50,69.3833,178.4167,258.66,91,100,5.21
27,Cape Town,ZA,2021-10-28 16:56:31,-33.9258,18.4232,294.31,60,0,0.45
28,Omboue,GA,2021-10-28 17:01:51,-1.5746,9.2618,298.72,83,94,3.91
29,Tuktoyaktuk,CA,2021-10-28 17:01:51,69.4541,-133.0374,270.25,86,100,2.0
30,Punta Arenas,CL,2021-10-28 17:01:52,-53.15,-70.9167,285.81,65,67,8.17
31,Lompoc,US,2021-10-28 17:01:43,34.6391,-120.4579,301.24,54,1,2.06
32,Dikson,RU,2021-10-28 17:01:52,73.5069,80.5464,258.88,94,59,3.53
33,Priiskovyy,RU,2021-10-28 17:01:52,51.9333,116.6333,273.77,83,63,0.37
34,Albany,US,2021-10-28 16:56:32,42.6001,-73.9662,287.41,75,61,1.36
35,Longyearbyen,SJ,2021-10-28 17:01:13,78.2186,15.6401,265.06,73,0,2.06
36,Bodden Town,KY,2021-10-28 17:01:54,19.2833,-81.25,304.82,66,100,7.57
37,Ancud,CL,2021-10-28 17:01:54,-41.8697,-73.8203,287.26,70,68,3.49
38,Reinosa,ES,2021-10-28 17:01:54,42.9996,-4.138,290.63,42,72,7.0
39,Zhuanghe,CN,2021-10-28 17:01:55,39.7008,122.9911,284.96,53,100,1.11
40,Avarua,CK,2021-10-28 17:01:55,-21.2078,-159.775,296.18,73,20,4.12
41,Bredasdorp,ZA,2021-10-28 17:02:56,-34.5322,20.0403,291.08,73,0,2.41
42,Dudinka,RU,2021-10-28 17:02:56,69.4058,86.1778,252.33,97,90,3.6
43,Inhambane,MZ,2021-10-28 17:02:18,-23.865,35.3833,293.93,61,94,4.8
44,Dargaville,NZ,2021-10-28 17:02:57,-35.9333,173.8833,286.39,95,32,2.43
45,Maceio,BR,2021-10-28 17:00:09,-9.6658,-35.7353,303.84,62,40,5.66
46,Pangai,TO,2021-10-28 16:59:50,-19.8,-174.35,297.89,65,63,7.8
47,Lagoa,PT,2021-10-28 17:00:35,39.05,-27.9833,292.53,74,99,5.73
48,Bemidji,US,2021-10-28 16:59:56,47.4736,-94.8803,282.35,100,75,1.54
49,Isangel,VU,2021-10-28 16:57:27,-19.55,169.2667,297.14,89,4,4.38
50,Havre-Saint-Pierre,CA,2021-10-28 17:02:58,50.2334,-63.5986,282.72,46,0,3.41
51,Kismayo,SO,2021-10-28 17:02:58,-0.3582,42.5454,299.03,78,3,7.24
52,Kapaa,US,2021-10-28 17:02:59,22.0752,-159.319,296.14,98,90,0.45
53,Esperance,AU,2021-10-28 17:02:59,-33.8667,121.9,285.59,62,97,3.67
54,Alice Springs,AU,2021-10-28 17:03:00,-23.7,133.8833,297.9,25,62,3.09
55,Khatanga,RU,2021-10-28 17:03:00,71.9667,102.5,253.15,98,100,2.85
56,Bluff,NZ,2021-10-28 17:00:30,-46.6,168.3333,284.03,89,4,1.46
57,Goderich,CA,2021-10-28 17:03:01,43.7501,-81.7165,286.43,61,98,7.63
58,Omsukchan,RU,2021-10-28 17:03:02,62.5333,155.8,258.8,93,72,2.9
59,Nanortalik,GL,2021-10-28 17:03:02,60.1432,-45.2371,276.05,66,82,2.19
60,Butaritari,KI,2021-10-28 17:00:34,3.0707,172.7902,300.96,71,100,5.26
61,Lavrentiya,RU,2021-10-28 17:00:08,65.5833,-171.0,264.17,85,100,3.43
62,Mitsamiouli,KM,2021-10-28 17:03:04,-11.3847,43.2844,299.83,78,11,4.53
63,Kavieng,PG,2021-10-28 17:03:04,-2.5744,150.7967,301.11,77,53,4.9
64,Saint-Francois,FR,2021-10-28 17:03:04,46.4154,3.9054,289.84,48,0,5.66
65,Sao Filipe,CV,2021-10-28 17:00:03,14.8961,-24.4956,299.68,75,100,4.56
66,Tessalit,ML,2021-10-28 17:01:23,20.1986,1.0114,306.44,13,97,6.02
67,Sitka,US,2021-10-28 17:02:42,57.0531,-135.33,276.09,87,75,4.63
68,Bethel,US,2021-10-28 17:03:05,41.3712,-73.414,287.31,70,90,0.45
69,Mount Isa,AU,2021-10-28 17:03:06,-20.7333,139.5,297.02,78,90,3.6
70,Torbay,CA,2021-10-28 16:59:04,47.6666,-52.7314,277.91,83,90,7.2
71,Hermanus,ZA,2021-10-28 17:02:19,-34.4187,19.2345,292.54,84,0,3.82
72,Provideniya,RU,2021-10-28 17:03:07,64.3833,-173.3,261.97,87,99,2.22
73,Atuona,PF,2021-10-28 16:58:33,-9.8,-139.0333,299.06,69,42,8.23
74,Taksimo,RU,2021-10-28 17:02:59,56.3444,114.8794,269.8,74,100,1.41
75,Mataura,NZ,2021-10-28 17:00:33,-46.1927,168.8643,281.07,98,25,0.08
76,Geraldton,AU,2021-10-28 17:00:28,-28.7667,114.6,284.38,71,3,4.12
77,Chapais,CA,2021-10-28 17:03:08,49.7834,-74.8492,282.66,39,0,2.87
78,Palimbang,PH,2021-10-28 17:03:08,6.2106,124.1894,299.05,85,5,2.06
79,New Norfolk,AU,2021-10-28 17:00:39,-42.7826,147.0587,282.96,83,100,1.79
80,Muisne,EC,2021-10-28 17:03:09,0.6,-80.0333,302.21,84,100,4.79
81,Komsomolskiy,UZ,2021-10-28 17:03:09,40.4272,71.7189,283.55,57,97,1.03
82,La Rioja,ES,2021-10-28 17:03:10,42.25,-2.5,288.73,41,65,1.9
83,Nikolskoye,RU,2021-10-28 17:00:31,59.7035,30.7861,281.97,88,100,2.95
84,Vaini,TO,2021-10-28 17:03:10,-21.2,-175.2,296.24,83,40,4.12
85,Upernavik,GL,2021-10-28 17:00:29,72.7868,-56.1549,266.06,63,41,2.67
86,Ilulissat,GL,2021-10-28 17:03:11,69.2167,-51.1,260.65,69,63,3.33
87,Barrow,US,2021-10-28 17:03:11,71.2906,-156.7887,269.16,80,90,5.14
88,San Jose,US,2021-10-28 17:01:16,37.3394,-121.895,294.15,75,1,1.54
89,Mahebourg,MU,2021-10-28 17:04:12,-20.4081,57.7,297.18,74,24,4.81
90,Umtata,ZA,2021-10-28 17:04:13,-31.5889,28.7844,291.12,82,100,1.01
91,Marseille,FR,2021-10-28 17:03:27,43.3333,5.5,290.01,53,96,0.89
92,Susangerd,IR,2021-10-28 17:04:13,31.5608,48.1831,301.18,13,0,2.79
93,Clyde River,CA,2021-10-28 17:01:28,70.4692,-68.5914,272.33,95,100,2.14
94,Sharjah,AE,2021-10-28 17:03:02,25.3573,55.4033,303.14,58,0,1.54
95,Uruzgan,AF,2021-10-28 17:04:14,32.8333,66.0,283.53,25,1,1.11
96,Homer,US,2021-10-28 17:04:15,59.6425,-151.5483,274.28,93,40,1.54
97,Busselton,AU,2021-10-28 17:00:41,-33.65,115.3333,278.17,80,22,3.82
98,Hilo,US,2021-10-28 17:00:08,19.7297,-155.09,297.19,89,35,2.68
99,Krasnokamensk,RU,2021-10-28 17:04:16,50.0979,118.0369,275.61,58,13,0.52
100,Qaanaaq,GL,2021-10-28 17:00:32,77.484,-69.3632,267.48,92,100,3.81
101,Hithadhoo,MV,2021-10-28 16:57:15,-0.6,73.0833,301.48,75,80,7.69
102,Ponta Do Sol,PT,2021-10-28 17:04:17,32.6667,-17.1,297.11,66,88,3.11
103,Muros,ES,2021-10-28 17:04:17,42.7762,-9.0603,289.87,93,100,11.0
104,Tiznit,MA,2021-10-28 17:04:17,29.5833,-9.5,292.63,63,0,4.18
105,Georgetown,MY,2021-10-28 17:00:26,5.4112,100.3354,299.11,91,40,0.45
106,Bud,US,2021-10-28 17:04:18,39.447,-86.1758,285.32,96,100,3.85
107,Atambua,ID,2021-10-28 17:04:18,-9.1061,124.8925,298.46,83,100,0.33
108,Pierre,US,2021-10-28 17:00:08,44.3683,-100.351,286.64,50,0,1.34
109,Kodiak,US,2021-10-28 17:04:19,57.79,-152.4072,274.27,71,89,2.23
110,Novopokrovka,UA,2021-10-28 17:04:19,49.8425,36.5477,282.36,81,100,4.54
111,Lorengau,PG,2021-10-28 17:04:20,-2.0226,147.2712,300.63,79,64,2.57
112,Whyalla,AU,2021-10-28 17:04:20,-33.0333,137.5833,287.09,72,90,8.23
113,Brae,GB,2021-10-28 17:04:21,60.3964,-1.353,283.1,85,100,1.69
114,Raga,SS,2021-10-28 17:04:21,8.4596,25.678,299.15,65,64,1.79
115,Thompson,CA,2021-10-28 17:04:16,55.7435,-97.8558,277.24,100,75,4.12
116,Usevya,TZ,2021-10-28 17:04:22,-7.1,31.2333,300.73,28,4,1.91
117,Redlands,US,2021-10-28 17:04:22,34.0556,-117.1825,301.87,32,0,1.03
118,Iralaya,HN,2021-10-28 17:04:22,15.0,-83.2333,305.2,74,87,3.95
119,Denpasar,ID,2021-10-28 17:04:23,-8.65,115.2167,299.96,88,40,2.06
120,North Bend,US,2021-10-28 17:04:23,43.4065,-124.2243,290.46,100,90,3.09
121,Trinidad,BO,2021-10-28 17:04:24,-14.8333,-64.9,311.52,31,47,1.72
122,Victoria,HK,2021-10-28 17:02:08,22.2855,114.1577,298.36,83,33,1.34
123,Khatassy,RU,2021-10-28 17:04:24,61.9036,129.6383,270.14,81,53,4.34
124,Beringovskiy,RU,2021-10-28 17:04:25,63.05,179.3167,258.25,86,29,3.83
125,Soe,ID,2021-10-28 17:04:25,-9.8607,124.284,293.74,90,89,1.47
126,Santos Reyes Nopala,MX,2021-10-28 17:04:25,16.1092,-97.1561,299.8,56,4,2.08
127,Bathsheba,BB,2021-10-28 17:04:26,13.2167,-59.5167,303.49,66,75,6.17
128,Artigas,UY,2021-10-28 17:04:26,-30.4,-56.4667,303.9,30,28,7.06
129,Sambava,MG,2021-10-28 17:04:27,-14.2667,50.1667,297.25,79,56,3.17
130,Ginir,ET,2021-10-28 17:04:27,7.1333,40.7,289.74,60,94,1.34
131,Cidreira,BR,2021-10-28 17:00:41,-30.1811,-50.2056,295.53,75,4,7.39
132,Chissamba,AO,2021-10-28 17:05:28,-12.1667,17.3333,292.4,74,100,0.18
133,Mangrol,IN,2021-10-28 17:05:28,21.1167,70.1167,300.57,65,68,1.38
134,Damghan,IR,2021-10-28 17:05:29,36.1683,54.348,283.13,42,0,1.2
135,Jardim,BR,2021-10-28 17:05:29,-21.4803,-56.1381,306.58,40,37,1.6
136,Liberal,US,2021-10-28 17:03:33,37.0431,-100.921,288.73,26,1,13.89
137,Kidal,ML,2021-10-28 17:05:29,18.4411,1.4078,308.16,11,52,1.96
138,Avera,US,2021-10-28 17:05:30,33.194,-82.5271,288.95,96,100,8.07
139,Hofn,IS,2021-10-28 17:05:30,64.2539,-15.2082,278.86,92,100,7.53
140,Totness,SR,2021-10-28 17:05:31,5.8833,-56.3167,303.41,64,64,3.77
141,Katsuyama,JP,2021-10-28 17:05:31,36.0617,136.501,282.2,82,0,1.78
142,Pandan,PH,2021-10-28 17:05:32,14.0453,124.1694,299.6,83,88,6.68
143,Puerto Pailas,BO,2021-10-28 17:05:32,-17.667,-62.7909,310.55,27,25,3.46
144,Port-Cartier,CA,2021-10-28 17:05:32,50.0334,-66.8654,282.75,42,8,2.55
145,Talnakh,RU,2021-10-28 17:02:48,69.4865,88.3972,250.63,96,94,4.06
146,Bambous Virieux,MU,2021-10-28 17:05:33,-20.3428,57.7575,297.16,75,22,5.02
147,Novyy Urgal,RU,2021-10-28 17:05:34,51.0736,132.5642,271.85,91,25,0.34
148,Iqaluit,CA,2021-10-28 17:01:17,63.7506,-68.5145,273.54,80,93,1.79
149,Pangnirtung,CA,2021-10-28 17:05:34,66.1451,-65.7125,273.15,100,90,0.0
150,Leh,IN,2021-10-28 17:05:34,34.1667,77.5833,270.81,54,2,0.53
151,Ostrovnoy,RU,2021-10-28 17:05:35,68.0531,39.5131,268.92,77,84,3.77
152,Vinkovci,HR,2021-10-28 17:05:35,45.2883,18.8047,281.73,76,0,3.09
153,Port Elizabeth,ZA,2021-10-28 17:05:36,-33.918,25.5701,295.43,92,97,3.08
154,Constitucion,CL,2021-10-28 17:01:31,-35.3333,-72.4167,292.34,59,7,7.34
155,Pacifica,US,2021-10-28 17:00:46,37.6138,-122.4869,293.97,79,20,0.45
156,Margate,GB,2021-10-28 17:05:36,51.3813,1.3862,287.99,75,0,1.34
157,Mahina,PF,2021-10-28 17:05:37,-17.5065,-149.489,298.02,88,40,4.63
158,Tecoanapa,MX,2021-10-28 17:05:37,16.5167,-98.75,302.42,71,24,1.7
159,Ribeira Grande,PT,2021-10-28 17:05:38,38.5167,-28.7,293.37,83,20,4.12
160,Tiksi,RU,2021-10-28 17:05:38,71.6872,128.8694,261.53,96,100,2.0
161,Nizwa,OM,2021-10-28 17:05:39,22.9333,57.5333,299.03,45,99,4.55
162,El Alto,PE,2021-10-28 17:05:39,-4.2714,-81.2147,295.96,62,48,7.65
163,Flinders,AU,2021-10-28 17:05:40,-34.5833,150.8552,293.6,78,66,0.45
164,Norman Wells,CA,2021-10-28 17:02:09,65.282,-126.8329,267.95,94,100,2.14
165,Cabo San Lucas,MX,2021-10-28 17:00:44,22.8909,-109.9124,302.88,55,2,1.34
166,Mbekenyera,TZ,2021-10-28 17:05:40,-10.0,38.9833,298.01,70,86,2.61
167,Khani,GE,2021-10-28 17:05:41,41.9563,42.9566,279.91,92,49,0.37
168,Yellowknife,CA,2021-10-28 17:02:12,62.456,-114.3525,275.05,99,100,1.79
169,Fort Frances,CA,2021-10-28 17:03:51,48.5999,-93.4003,281.27,71,90,0.45
170,Bilma,NE,2021-10-28 17:05:42,18.6853,12.9164,304.12,13,3,1.68
171,Buala,SB,2021-10-28 17:05:42,-8.145,159.5921,300.22,81,73,2.3
172,Harper,LR,2021-10-28 17:05:42,4.375,-7.7169,300.21,77,61,2.91
173,Hamilton,US,2021-10-28 17:05:09,39.1834,-84.5333,287.58,85,90,0.45
174,Taua,BR,2021-10-28 17:05:43,-5.9667,-40.3,309.44,19,29,3.52
175,Matagami,CA,2021-10-28 17:05:43,49.7502,-77.6328,283.81,48,0,2.73
176,Belyy Yar,RU,2021-10-28 17:05:44,53.6039,91.3903,265.09,86,23,1.0
177,Churapcha,RU,2021-10-28 17:06:44,62.0025,132.4325,265.8,86,73,3.72
178,Broken Hill,AU,2021-10-28 17:06:45,-31.95,141.4333,288.77,39,0,6.83
179,Sao Joao Da Barra,BR,2021-10-28 17:04:37,-21.6403,-41.0511,301.2,77,81,5.13
180,Yumen,CN,2021-10-28 17:06:45,40.2833,97.2,278.6,37,2,2.59
181,Guerrero Negro,MX,2021-10-28 17:06:45,27.9769,-114.0611,297.78,32,0,0.75
182,Chokurdakh,RU,2021-10-28 17:06:46,70.6333,147.9167,253.87,93,99,1.44
183,Kununurra,AU,2021-10-28 17:06:46,-15.7667,128.7333,301.14,74,75,2.06
184,Karymskoye,RU,2021-10-28 17:06:47,51.6167,114.35,274.68,78,33,1.36
185,Sinnamary,GF,2021-10-28 17:06:47,5.3833,-52.95,303.0,63,89,3.97
186,Zaysan,KZ,2021-10-28 17:06:47,47.4667,84.8667,281.55,76,100,2.35
187,Tutoia,BR,2021-10-28 17:06:48,-2.7619,-42.2744,303.27,62,93,5.95
188,Panama City,PA,2021-10-28 17:05:45,8.9936,-79.5197,304.22,73,40,2.06
189,Tres Lagoas,BR,2021-10-28 17:06:48,-20.7511,-51.6783,303.56,55,100,2.97
190,Hobyo,SO,2021-10-28 17:06:49,5.3505,48.5268,300.31,75,41,4.16
191,East London,ZA,2021-10-28 17:06:49,-33.0153,27.9116,293.41,90,100,8.6
192,Cuenca,EC,2021-10-28 17:06:50,-2.8833,-78.9833,290.03,74,95,2.92
193,Cayenne,GF,2021-10-28 17:06:50,4.9333,-52.3333,305.17,76,0,1.34
194,Zyryanka,RU,2021-10-28 17:06:50,65.75,150.85,257.64,90,97,3.01
195,Quatre Cocos,MU,2021-10-28 17:06:51,-20.2078,57.7625,297.09,75,12,4.8
196,Chor,PK,2021-10-28 17:06:51,25.5167,69.7667,302.18,17,0,3.19
197,Tazovskiy,RU,2021-10-28 17:06:51,67.4667,78.7,262.29,90,100,8.02
198,Arlit,NE,2021-10-28 17:06:52,18.7369,7.3853,305.87,9,20,2.1
199,Elko,US,2021-10-28 17:06:52,41.0002,-115.5012,284.67,73,55,1.79
200,Kolaras,IN,2021-10-28 17:06:53,25.2333,77.6,292.14,49,0,1.53
201,Rawson,AR,2021-10-28 17:06:53,-43.3002,-65.1023,293.78,35,1,4.47
202,Kerman,IR,2021-10-28 17:06:53,30.2832,57.0788,287.54,28,7,1.99
203,Pirovskoye,RU,2021-10-28 17:06:54,57.6267,92.2658,271.3,64,94,2.97
204,Sao Jose Da Coroa Grande,BR,2021-10-28 17:06:54,-8.8978,-35.1478,301.31,64,27,4.96
205,Nalut,LY,2021-10-28 17:06:55,30.3333,10.85,293.68,39,100,2.93
206,Cherskiy,RU,2021-10-28 17:06:55,68.75,161.3,244.96,95,51,1.79
207,Arraial Do Cabo,BR,2021-10-28 16:56:33,-22.9661,-42.0278,301.13,78,75,7.72
208,Alytus,LT,2021-10-28 17:06:56,54.4,24.05,285.1,88,97,2.7
209,Castro,BR,2021-10-28 17:06:56,-24.7911,-50.0119,294.38,77,99,2.9
210,Luba,GQ,2021-10-28 17:06:57,3.4568,8.5547,299.61,84,75,2.87
211,Vestmannaeyjar,IS,2021-10-28 17:03:11,63.4427,-20.2734,280.7,87,75,2.57
212,Kayerkan,RU,2021-10-28 17:06:57,69.3497,87.7602,248.75,97,87,3.44
213,Valentigney,FR,2021-10-28 17:06:58,47.4639,6.8317,285.92,80,41,1.21
214,Yanam,IN,2021-10-28 17:06:58,16.7333,82.2167,298.68,89,100,4.94
215,Okha,RU,2021-10-28 17:06:58,53.5739,142.9478,273.75,86,37,1.76
216,Susanville,US,2021-10-28 17:06:27,40.4163,-120.653,284.31,79,5,1.46
217,Coquimbo,CL,2021-10-28 17:05:06,-29.9533,-71.3436,288.0,82,75,7.2
218,Faanui,PF,2021-10-28 17:06:59,-16.4833,-151.75,299.09,81,61,3.55
219,Oussouye,SN,2021-10-28 17:07:00,12.485,-16.5469,302.6,61,92,1.76
220,Fomboni,KM,2021-10-28 17:07:00,-12.28,43.7425,299.85,75,15,7.73
221,Bengkulu,ID,2021-10-28 17:07:00,-3.8004,102.2655,298.3,86,100,1.7
222,Coihaique,CL,2021-10-28 17:04:17,-45.5752,-72.0662,292.12,37,20,2.57
223,Aswan,EG,2021-10-28 17:07:01,24.0934,32.907,304.92,18,1,4.27
224,Riviere-Au-Renard,CA,2021-10-28 17:07:02,48.9957,-64.3971,280.91,65,52,5.44
225,Fortuna,US,2021-10-28 17:08:02,40.5982,-124.1573,290.33,68,1,1.79
226,Tasiilaq,GL,2021-10-28 17:08:03,65.6145,-37.6368,272.24,74,100,4.09
227,Kashi,CN,2021-10-28 17:08:03,39.4547,75.9797,282.63,39,76,1.54
228,Pa Sang,TH,2021-10-28 17:08:04,18.5262,98.9394,298.26,93,78,0.26
229,Pinawa,CA,2021-10-28 17:08:04,50.1489,-95.8811,281.94,86,100,2.34
230,Yar-Sale,RU,2021-10-28 17:08:05,66.8333,70.8333,267.43,95,100,7.44
231,Mercedes,AR,2021-10-28 17:08:05,-34.6515,-59.4307,308.99,21,92,6.27
232,Hefei,CN,2021-10-28 17:08:05,31.8639,117.2808,288.26,60,94,2.77
233,Lukovetskiy,RU,2021-10-28 17:08:06,64.2956,41.9211,266.14,98,44,1.11
234,Chuy,UY,2021-10-28 17:00:42,-33.6971,-53.4616,299.6,50,0,4.85
235,Morehead,US,2021-10-28 17:08:06,37.2711,-87.1764,288.79,93,90,1.34
236,Kalmunai,LK,2021-10-28 17:08:07,7.4167,81.8167,299.49,82,78,3.19
237,Taoudenni,ML,2021-10-28 17:08:07,22.6783,-3.9836,307.1,22,68,1.35
238,Ust-Ishim,RU,2021-10-28 17:08:08,57.6935,71.1665,274.52,86,100,5.29
239,Cabedelo,BR,2021-10-28 17:08:08,-6.9811,-34.8339,304.52,59,74,7.67
240,Bhuj,IN,2021-10-28 17:08:09,23.2667,69.6667,300.21,27,0,2.91
241,Hobara,JP,2021-10-28 17:08:09,37.8167,140.55,283.32,79,12,4.17
242,Ojinaga,MX,2021-10-28 17:08:09,29.5667,-104.4167,295.13,26,1,2.57
243,Tumut,AU,2021-10-28 17:08:10,-35.3,148.2167,292.7,86,83,1.83
244,Ust-Ilimsk,RU,2021-10-28 17:08:10,58.0006,102.6619,268.04,74,92,2.1
245,Pisco,PE,2021-10-28 17:08:11,-13.7,-76.2167,291.49,82,0,4.63
246,Mayo,US,2021-10-28 17:08:11,38.8876,-76.5119,292.66,71,1,1.34
247,Kahului,US,2021-10-28 17:08:12,20.8947,-156.47,297.51,88,20,1.54
248,Saint George,US,2021-10-28 17:06:42,37.1041,-113.5841,293.41,53,1,0.45
249,Caravelas,BR,2021-10-28 17:08:12,-17.7125,-39.2481,300.87,54,5,4.07
250,Sioux Lookout,CA,2021-10-28 17:08:13,50.1001,-91.917,280.36,92,100,2.0
251,Asau,RO,2021-10-28 17:08:13,46.4333,26.4,284.13,63,82,0.99
252,Florianopolis,BR,2021-10-28 17:04:06,-27.6146,-48.5012,295.72,60,40,5.14
253,Marfino,RU,2021-10-28 17:08:14,55.7028,37.3822,281.12,81,75,8.0
254,Teya,RU,2021-10-28 17:08:14,60.3778,92.6267,266.3,91,60,2.52
255,Susehri,TR,2021-10-28 17:08:14,40.1644,38.0867,282.67,64,54,1.9
256,Litomysl,CZ,2021-10-28 17:08:15,49.8681,16.313,283.01,54,23,6.08
257,Los Llanos De Aridane,ES,2021-10-28 17:08:15,28.6585,-17.9182,294.01,67,20,3.58
258,Port Hardy,CA,2021-10-28 17:08:16,50.6996,-127.4199,281.25,93,90,1.54
259,Angoche,MZ,2021-10-28 17:08:16,-16.2325,39.9086,297.72,69,17,7.14
260,Acarau,BR,2021-10-28 17:08:16,-2.8856,-40.12,304.56,56,17,8.97
261,College,US,2021-10-28 17:08:17,64.8569,-147.8028,269.12,86,90,0.0
262,Jerantut,MY,2021-10-28 17:08:08,3.936,102.3626,296.68,98,99,0.12
263,Zhezkazgan,KZ,2021-10-28 17:08:17,47.8043,67.7144,276.64,28,4,2.62
264,Male,MV,2021-10-28 17:08:18,4.1748,73.5089,300.9,72,58,3.04
265,Carnarvon,AU,2021-10-28 17:08:18,-24.8667,113.6333,291.19,63,0,9.77
266,Klaksvik,FO,2021-10-28 17:08:19,62.2266,-6.589,282.66,89,7,9.57
267,Turiacu,BR,2021-10-28 17:08:19,-1.6633,-45.3717,301.19,74,47,2.09
268,Karpogory,RU,2021-10-28 17:08:19,64.0019,44.4451,265.79,95,11,1.99
269,Tucurui,BR,2021-10-28 17:06:08,-3.7661,-49.6725,307.53,43,42,1.51
270,Senno,RU,2021-10-28 17:08:20,59.5336,33.9167,277.18,97,100,1.91
271,Bunbury,AU,2021-10-28 17:08:20,-33.3333,115.6333,281.97,77,61,4.51
272,Kaitangata,NZ,2021-10-28 17:08:21,-46.2817,169.8464,282.7,96,93,1.23
273,Pizarro,CO,2021-10-28 17:09:21,4.9533,-77.366,301.01,75,46,3.04
274,The Valley,AI,2021-10-28 17:09:21,18.217,-63.0578,304.07,65,20,4.63
275,Padang,ID,2021-10-28 17:09:22,-0.9492,100.3543,298.93,83,100,1.83
276,Guarapari,BR,2021-10-28 17:09:22,-20.6667,-40.4975,301.09,73,55,4.1
277,Kang,BW,2021-10-28 17:09:23,-23.6752,22.7876,294.4,62,47,4.65
278,Bereda,ES,2021-10-28 17:09:23,43.2686,-7.5406,290.05,58,100,4.37
279,Tuatapere,NZ,2021-10-28 17:09:24,-46.1333,167.6833,282.16,93,3,0.85
280,Huarmey,PE,2021-10-28 17:09:24,-10.0681,-78.1522,294.07,73,89,4.24
281,Hualmay,PE,2021-10-28 17:09:24,-11.0964,-77.6139,294.03,69,59,4.38
282,Dostat,RO,2021-10-28 17:09:25,45.9667,23.85,279.5,47,42,0.65
283,Dangtu,CN,2021-10-28 17:09:25,31.5723,118.4928,287.5,67,93,2.64
284,Taltal,CL,2021-10-28 17:09:26,-25.4,-70.4833,292.02,63,23,2.65
285,Susner,IN,2021-10-28 17:09:26,23.95,76.0833,293.31,46,0,1.96
286,Banjar,ID,2021-10-28 17:09:26,-8.19,114.9675,300.07,90,100,1.43
287,Nkhotakota,MW,2021-10-28 17:09:27,-12.9274,34.2961,299.31,57,23,1.87
288,Tarko-Sale,RU,2021-10-28 17:09:27,64.9225,77.785,268.12,94,100,10.54
289,Baie-Comeau,CA,2021-10-28 17:08:11,49.2168,-68.1489,282.09,43,1,3.2
290,Payakumbuh,ID,2021-10-28 17:09:28,-0.2202,100.6308,294.85,96,100,0.91
291,Flin Flon,CA,2021-10-28 17:09:28,54.7682,-101.865,279.75,70,6,4.02
292,Carutapera,BR,2021-10-28 17:09:29,-1.195,-46.02,303.16,60,37,2.97
293,Caldas Novas,BR,2021-10-28 17:07:41,-17.7417,-48.625,305.57,35,99,2.88
294,Yinchuan,CN,2021-10-28 17:09:29,38.4681,106.2731,283.93,34,40,2.27
295,Dunedin,NZ,2021-10-28 17:00:38,-45.8742,170.5036,284.38,95,98,1.39
296,Vardo,NO,2021-10-28 17:09:30,70.3705,31.1107,272.26,100,75,14.92
297,Vila Velha,BR,2021-10-28 17:09:30,-20.3297,-40.2925,301.12,61,20,5.14
298,Lazaro Cardenas,MX,2021-10-28 17:09:31,17.9583,-102.2,301.76,70,2,0.56
299,Vestmanna,FO,2021-10-28 17:09:31,62.1564,-7.1664,281.66,100,75,6.69
300,Ahipara,NZ,2021-10-28 17:09:31,-35.1667,173.1667,287.4,92,21,2.24
301,Olafsvik,IS,2021-10-28 17:09:32,64.8945,-23.7142,279.02,80,93,11.43
302,Zharkent,KZ,2021-10-28 17:09:32,44.1628,80.0,283.9,48,100,0.53
303,Maldonado,UY,2021-10-28 17:09:33,-34.6667,-54.9167,304.81,34,0,4.25
304,Erdenet,MN,2021-10-28 17:09:33,49.0333,104.0833,272.92,68,92,0.96
305,Korla,CN,2021-10-28 17:09:34,41.7597,86.1469,282.97,41,37,0.83
306,Mar Del Plata,AR,2021-10-28 17:09:34,-38.0023,-57.5575,299.02,51,87,4.76
307,Port Hueneme,US,2021-10-28 17:09:34,34.1478,-119.1951,304.51,26,1,5.66
308,Miles City,US,2021-10-28 17:09:35,46.4083,-105.8406,284.69,37,1,7.72
309,Mandsaur,IN,2021-10-28 17:09:35,24.0667,75.0667,293.7,42,0,1.67
310,Mehriz,IR,2021-10-28 17:09:35,31.5917,54.4318,287.43,32,0,1.06
311,Neuquen,AR,2021-10-28 17:09:16,-38.9516,-68.0591,302.09,32,0,1.54
312,Tulle,FR,2021-10-28 17:09:36,45.3333,1.8333,288.01,68,16,2.97
313,Abnub,EG,2021-10-28 17:09:36,27.2696,31.1511,302.82,17,7,3.94
314,Archena,ES,2021-10-28 17:09:37,38.1163,-1.3004,294.05,64,20,4.63
315,Kutum,SD,2021-10-28 17:09:37,14.2,24.6667,299.99,13,5,7.24
316,Shenjiamen,CN,2021-10-28 17:09:38,29.9576,122.298,291.06,66,17,4.23
317,Santa Maria,BR,2021-10-28 17:07:13,-29.6842,-53.8069,302.3,36,1,3.85
318,Kruisfontein,ZA,2021-10-28 17:09:38,-34.0033,24.7314,293.09,88,100,5.29
319,Chernyshevskiy,RU,2021-10-28 17:09:39,63.0128,112.4714,265.22,89,100,7.02
320,Hisor,TJ,2021-10-28 17:09:39,38.525,68.5512,284.01,62,93,0.8
321,Puerto Del Rosario,ES,2021-10-28 17:10:39,28.5004,-13.8627,297.97,60,75,7.2
322,Hovd,MN,2021-10-28 17:10:40,48.0056,91.6419,275.84,50,67,2.11
323,Mayumba,GA,2021-10-28 17:10:40,-3.432,10.6554,298.4,85,75,3.58
324,Touros,BR,2021-10-28 17:10:41,-5.1989,-35.4608,304.65,52,86,8.34
325,Poso,ID,2021-10-28 17:10:41,-1.3959,120.7524,298.38,84,55,1.29
326,Nelson Bay,AU,2021-10-28 17:10:41,-32.7167,152.15,294.64,84,46,2.91
327,Mount Gambier,AU,2021-10-28 17:10:42,-37.8333,140.7667,282.1,93,75,9.26
328,Svetlyy,RU,2021-10-28 17:10:42,54.675,20.1347,285.18,89,95,3.93
329,Juigalpa,NI,2021-10-28 17:10:43,12.1063,-85.3645,303.04,67,43,1.01
330,Severo-Kurilsk,RU,2021-10-28 17:10:43,50.6789,156.125,278.71,87,80,2.51
331,Port Blair,IN,2021-10-28 17:10:43,11.6667,92.75,300.4,81,51,3.54
332,Grindavik,IS,2021-10-28 17:10:44,63.8424,-22.4338,278.41,87,75,7.2
333,Norsup,VU,2021-10-28 17:10:44,-16.0667,167.3833,298.9,82,1,1.73
334,Rakaia,NZ,2021-10-28 17:10:45,-43.75,172.0167,285.84,50,100,1.4
335,Richards Bay,ZA,2021-10-28 17:10:45,-28.783,32.0377,292.98,69,98,6.29
336,Aboisso,CI,2021-10-28 17:10:45,5.4678,-3.2071,300.63,80,87,2.27
337,Billings,US,2021-10-28 17:09:25,45.7833,-108.5007,282.24,54,75,4.12
338,Khandyga,RU,2021-10-28 17:10:46,62.6667,135.6,269.54,93,100,3.89
339,Nemuro,JP,2021-10-28 17:10:46,43.3236,145.575,282.48,80,80,5.92
340,Nurobod,UZ,2021-10-28 17:10:47,40.9056,69.8023,278.62,93,99,1.71
341,Umm Lajj,SA,2021-10-28 17:10:47,25.0213,37.2685,300.88,59,1,1.49
342,Zwiesel,DE,2021-10-28 17:10:48,49.0167,13.2333,280.96,91,20,1.3
343,Codrington,AU,2021-10-28 17:10:48,-38.2667,141.9667,283.37,94,100,15.47
344,Biskamzha,RU,2021-10-28 17:10:49,53.4497,89.5272,268.57,63,5,0.35
345,Saint-Philippe,RE,2021-10-28 17:10:49,-21.3585,55.7679,297.92,79,11,1.63
346,Burriana,ES,2021-10-28 17:10:50,39.889,-0.085,293.2,78,75,1.72
347,Marsabit,KE,2021-10-28 17:10:50,2.3284,37.9899,297.98,32,36,6.23
348,Yizheng,CN,2021-10-28 17:10:51,24.6706,103.4296,286.06,97,88,1.48
349,Mandalgovi,MN,2021-10-28 17:10:51,45.7625,106.2708,275.0,40,1,3.72
350,Kudahuvadhoo,MV,2021-10-28 17:10:52,2.6708,72.8944,300.97,75,55,4.2
351,Biak,ID,2021-10-28 17:10:52,-0.9131,122.8766,297.88,84,22,0.57
352,Salalah,OM,2021-10-28 17:10:53,17.0151,54.0924,300.2,74,20,2.06
353,Airai,TL,2021-10-28 17:10:53,-8.9266,125.4092,290.45,91,97,0.53
354,Ottawa,CA,2021-10-28 17:09:18,45.4112,-75.6981,283.53,71,5,0.45
355,Filadelfia,US,2021-10-28 17:08:24,39.9523,-75.1638,291.62,61,40,1.34
356,Puerto Leguizamo,CO,2021-10-28 17:10:54,-0.1934,-74.7819,302.3,64,87,1.27
357,Chernoistochinsk,RU,2021-10-28 17:10:54,57.7364,59.8719,275.53,89,100,6.08
358,Juliaca,PE,2021-10-28 17:10:55,-15.5,-70.1333,290.29,28,76,5.48
359,Lima,PE,2021-10-28 17:06:24,-12.0432,-77.0282,291.56,68,75,4.12
360,Tura,IN,2021-10-28 17:10:56,25.5198,90.2201,292.75,91,0,1.78
361,Lata,PT,2021-10-28 17:10:56,40.1629,-8.3327,293.17,62,100,3.47
362,Henties Bay,NA,2021-10-28 17:10:56,-22.116,14.2845,290.85,80,77,4.19
363,La Ronge,CA,2021-10-28 17:10:57,55.1001,-105.2842,279.13,62,10,5.26
364,Kuremaa,EE,2021-10-28 17:11:57,58.7353,26.5383,283.97,98,100,4.12
365,Rio Claro,BR,2021-10-28 17:11:58,-22.4114,-47.5614,294.6,88,100,1.07
366,Katsuura,JP,2021-10-28 17:11:58,35.1333,140.3,289.37,62,40,8.84
367,Jinchang,CN,2021-10-28 17:11:59,38.4953,102.1739,280.76,40,46,3.18
368,Catuday,PH,2021-10-28 17:11:59,16.2923,119.8062,299.05,75,1,3.43
369,Santa Cruz,BO,2021-10-28 17:11:59,-17.8,-63.1667,310.55,25,9,4.09
370,Maykor,RU,2021-10-28 17:12:00,59.0059,55.88,270.35,81,100,6.11
371,Skibbereen,IE,2021-10-28 17:12:00,51.55,-9.2667,286.04,87,76,2.61
372,Majene,ID,2021-10-28 17:12:01,-3.5403,118.9707,299.02,86,93,1.65
373,Urumqi,CN,2021-10-28 17:10:07,43.801,87.6005,281.68,43,0,3.0
374,La Palma,US,2021-10-28 17:12:01,33.8464,-118.0467,304.83,46,1,1.34
375,Roma,US,2021-10-28 17:12:02,43.2128,-75.4557,288.51,69,1,3.6
376,Zhuhai,CN,2021-10-28 17:12:03,22.2769,113.5678,298.21,83,20,4.63
377,Atasu,KZ,2021-10-28 17:12:03,48.6814,71.6433,275.14,39,9,1.34
378,Kirakira,SB,2021-10-28 17:12:04,-10.4544,161.9205,300.03,84,18,2.1
379,Bubaque,GW,2021-10-28 17:12:04,11.2833,-15.8333,301.56,64,22,1.76
380,Bassar,TG,2021-10-28 17:12:04,9.25,0.7833,300.17,69,94,1.55
381,Krasnoselkup,RU,2021-10-28 17:12:05,65.7,82.4667,263.67,90,100,7.32
382,Bac Lieu,VN,2021-10-28 17:12:05,9.285,105.7244,299.78,84,98,3.98
383,Broome,US,2021-10-28 17:12:06,42.2506,-75.833,288.18,73,1,0.45
384,Nhulunbuy,AU,2021-10-28 17:12:06,-12.2333,136.7667,297.49,88,39,0.0
385,Dali,CN,2021-10-28 17:12:07,25.7,100.1833,286.22,93,2,2.1
386,Erenhot,CN,2021-10-28 17:12:07,43.6475,111.9767,281.36,36,100,4.88
387,Alofi,NU,2021-10-28 17:12:08,-19.0595,-169.9187,297.62,74,4,8.51
388,Malanje,AO,2021-10-28 17:12:08,-9.5402,16.341,293.21,88,87,1.11
389,Sao Felix Do Xingu,BR,2021-10-28 17:12:08,-6.6447,-51.995,310.72,24,42,1.25
390,Baghmara,IN,2021-10-28 17:12:09,23.795,86.2085,295.44,61,18,2.81
391,Poum,NC,2021-10-28 17:12:09,-20.2333,164.0167,297.09,83,13,3.48
392,Yerbogachen,RU,2021-10-28 17:12:10,61.2767,108.0108,266.68,71,87,7.1
393,Roberval,CA,2021-10-28 17:11:24,48.5168,-72.2324,279.75,69,1,2.0
394,Nizhneangarsk,RU,2021-10-28 17:12:10,55.7833,109.55,265.18,70,12,3.37
395,Tondano,ID,2021-10-28 17:12:11,1.3038,124.9112,294.2,90,28,0.37
396,Sorland,NO,2021-10-28 17:12:11,67.667,12.6934,282.07,86,98,7.89
397,Yulara,AU,2021-10-28 17:12:11,-25.2406,130.9889,295.06,17,1,5.66
398,Rio Gallegos,AR,2021-10-28 17:12:12,-51.6226,-69.2181,296.18,23,75,6.69
399,Port Augusta,AU,2021-10-28 17:12:12,-32.5,137.7667,287.99,73,13,6.8
400,Port Macquarie,AU,2021-10-28 17:07:51,-31.4333,152.9167,292.53,93,60,2.52
401,Karratha,AU,2021-10-28 17:12:13,-20.7377,116.8463,296.47,52,3,6.59
402,Klyuchi,RU,2021-10-28 17:12:13,52.2667,79.1667,273.42,51,71,4.73
403,Hammerfest,NO,2021-10-28 17:07:33,70.6634,23.6821,273.4,86,75,6.69
404,Samarai,PG,2021-10-28 17:12:14,-10.6167,150.6667,300.77,81,62,4.96
405,Pemba,MZ,2021-10-28 17:12:14,-12.974,40.5178,299.04,75,18,8.92
406,Phan Thiet,VN,2021-10-28 17:12:15,10.9333,108.1,298.18,90,98,2.38
407,Bonthe,SL,2021-10-28 17:12:15,7.5264,-12.505,301.42,72,58,3.97
408,Baykit,RU,2021-10-28 17:12:15,61.67,96.37,258.81,99,68,0.5
409,Warri,NG,2021-10-28 17:12:16,5.5167,5.75,299.89,82,99,2.19
410,Elwood,AU,2021-10-28 17:12:16,-37.8817,144.983,295.59,56,20,3.58
411,Ishigaki,JP,2021-10-28 17:13:17,24.3448,124.1572,297.11,63,89,7.71
412,Moche,PE,2021-10-28 17:13:17,-8.1711,-79.0092,291.25,77,86,6.17
413,Aitape,PG,2021-10-28 17:13:18,-3.1374,142.3475,298.37,88,97,1.77
414,Mantua,IT,2021-10-28 17:13:18,45.1667,10.7833,288.1,74,8,0.69
415,Sagua La Grande,CU,2021-10-28 17:13:19,22.8067,-80.0756,303.7,58,100,4.19
416,Sajanan,TN,2021-10-28 17:13:19,37.0573,9.2426,289.41,83,3,2.38
417,Aquiraz,BR,2021-10-28 17:13:20,-3.9014,-38.3911,304.38,56,25,7.02
418,Anjiang,CN,2021-10-28 17:13:20,27.3194,110.1031,287.37,97,99,1.04
419,Novyy Urengoy,RU,2021-10-28 17:13:20,66.0833,76.6333,265.77,94,100,9.05
420,Winslow,US,2021-10-28 17:12:32,35.0242,-110.6974,285.91,42,1,3.09
421,Bulawayo,ZW,2021-10-28 17:13:21,-20.15,28.5833,292.43,58,11,6.8
422,Pontes E Lacerda,BR,2021-10-28 17:13:21,-15.2261,-59.3353,310.09,31,87,2.5
423,Porto De Moz,BR,2021-10-28 17:13:22,-1.7483,-52.2383,303.59,59,42,0.54
424,Funtua,NG,2021-10-28 17:13:22,11.5233,7.3081,300.42,25,17,2.68
425,Joshimath,IN,2021-10-28 17:13:22,30.5667,79.5667,284.15,40,0,3.23
426,Makakilo City,US,2021-10-28 17:13:23,21.3469,-158.0858,296.33,90,20,2.57
427,Matamoros,MX,2021-10-28 17:13:23,25.5333,-103.25,296.04,10,0,2.18
428,Oktyabrskoye,RU,2021-10-28 17:13:24,43.0645,44.7417,273.23,86,40,2.0
429,Gemena,CD,2021-10-28 17:13:24,3.25,19.7667,296.51,90,99,0.46
430,Kamenka,RU,2021-10-28 17:13:24,51.3223,42.7678,280.33,83,100,5.79
431,Ranong,TH,2021-10-28 17:13:25,9.9658,98.6348,298.77,91,67,2.45
432,Emerald,AU,2021-10-28 17:13:25,-23.5333,148.1667,296.12,46,23,4.44
433,Takoradi,GH,2021-10-28 17:13:26,4.8845,-1.7554,300.43,76,26,2.54
434,Lubango,AO,2021-10-28 17:12:13,-14.9172,13.4925,292.0,70,98,1.9
435,Rorvik,NO,2021-10-28 17:13:26,64.8621,11.2373,282.21,93,75,2.06
436,Nedjo,ET,2021-10-28 17:13:27,9.5046,35.5019,287.52,93,78,0.52
437,Bay-Khaak,RU,2021-10-28 17:13:27,51.1667,94.5,275.02,85,100,0.35
438,Longkou,CN,2021-10-28 17:13:28,37.6508,120.3286,287.89,51,100,2.75
439,Tinos,GR,2021-10-28 17:13:28,37.5375,25.1634,290.57,77,20,11.32
440,Marovoay,MG,2021-10-28 17:13:28,-16.1,46.6333,300.23,68,18,4.52
441,Naze,JP,2021-10-28 17:13:29,28.3667,129.4833,292.52,61,1,3.96
442,Buchanan,LR,2021-10-28 17:13:29,5.8808,-10.0467,303.13,80,84,2.5
443,Turukhansk,RU,2021-10-28 17:13:30,65.8167,87.9833,261.57,93,100,4.76
444,Dingle,PH,2021-10-28 17:13:30,10.9995,122.6711,297.37,91,81,3.11
445,Borogontsy,RU,2021-10-28 17:13:30,62.6683,131.1683,266.3,87,79,4.11
446,Namsos,NO,2021-10-28 17:13:31,64.4662,11.4957,284.77,93,75,3.09
447,Concordia,AR,2021-10-28 17:13:31,-31.393,-58.0209,305.81,26,63,8.05
448,Little Current,CA,2021-10-28 17:12:02,45.9793,-81.9248,285.6,64,100,6.14
449,Hay River,CA,2021-10-28 17:10:49,60.8156,-115.7999,274.13,93,90,4.63
450,Indija,IN,2021-10-28 17:09:37,20.0,77.0,292.43,48,4,3.33
451,Namibe,AO,2021-10-28 17:13:32,-15.1961,12.1522,294.6,65,20,7.37
452,Jumla,NP,2021-10-28 17:13:33,29.2747,82.1838,280.17,79,8,1.96
453,Athabasca,CA,2021-10-28 17:13:33,54.7169,-113.2854,278.96,37,0,4.68
454,Gat,IL,2021-10-28 17:13:33,31.61,34.7642,298.93,36,76,2.95
455,North Branch,US,2021-10-28 17:13:34,45.5113,-92.9802,282.34,98,100,2.06
456,Sompeta,IN,2021-10-28 17:13:34,18.9333,84.6,298.78,77,100,3.66
457,Penzance,GB,2021-10-28 17:13:35,50.1186,-5.5371,287.71,93,100,4.79
458,General Pico,AR,2021-10-28 17:14:35,-35.6566,-63.7568,310.24,15,79,8.82
459,Almaty,KZ,2021-10-28 17:14:35,43.25,76.95,280.1,71,75,1.0
460,Mendi,PG,2021-10-28 17:14:36,-6.1761,143.6513,285.41,97,99,1.71
461,Usinsk,RU,2021-10-28 17:14:36,65.9939,57.5281,259.92,91,64,5.73
462,Tonala,MX,2021-10-28 17:14:37,20.6167,-103.2333,296.66,51,40,3.09
463,Macherla,IN,2021-10-28 17:14:37,16.4833,79.4333,297.54,74,94,2.72
464,Romitan,UZ,2021-10-28 17:14:38,39.9343,64.3814,281.12,66,90,3.09
465,Praia,CV,2021-10-28 17:14:38,14.9215,-23.5087,297.45,88,90,4.63
466,Great Falls,US,2021-10-28 17:14:39,47.5002,-111.3008,283.38,48,90,2.24
467,Saint-Georges,GD,2021-10-28 17:14:39,12.0564,-61.7485,300.82,73,100,5.59
468,Lashio,MM,2021-10-28 17:14:39,22.9333,97.75,291.15,99,10,0.82
469,Nizhnyaya Salda,RU,2021-10-28 17:14:40,58.0776,60.7202,275.5,91,100,5.61
470,Mao,ES,2021-10-28 17:14:40,39.8885,4.2658,291.46,77,20,1.54
471,Nuuk,GL,2021-10-28 17:14:40,64.1835,-51.7216,272.49,64,75,4.12
472,Burnie,AU,2021-10-28 17:14:41,-41.0667,145.9167,285.9,85,100,7.15
473,Dicabisagan,PH,2021-10-28 17:14:41,17.0818,122.4157,297.56,83,78,2.98
474,Doka,SD,2021-10-28 17:14:42,13.5167,35.7667,302.27,34,10,1.58
475,Fort Nelson,CA,2021-10-28 17:14:42,58.8053,-122.7002,274.59,53,58,1.34
476,Lixourion,GR,2021-10-28 17:14:42,38.2019,20.4314,290.15,55,0,2.57
477,Novikovo,RU,2021-10-28 17:14:43,51.1537,37.8879,281.24,88,98,4.99
478,Meulaboh,ID,2021-10-28 17:14:43,4.1363,96.1285,298.59,88,94,3.14
479,Matay,EG,2021-10-28 17:14:44,28.419,30.7792,302.25,18,7,2.98
480,Puerto Narino,CO,2021-10-28 17:14:44,-3.7703,-70.3831,301.12,73,100,1.45
481,Half Moon Bay,US,2021-10-28 17:14:44,37.4636,-122.4286,294.21,76,1,3.6
482,Tilichiki,RU,2021-10-28 17:14:45,60.4667,166.1,254.39,88,52,2.99
483,Evensk,RU,2021-10-28 17:14:45,61.95,159.2333,261.36,95,100,2.79
484,Qasigiannguit,GL,2021-10-28 17:14:46,68.8193,-51.1922,261.84,78,74,2.96
485,Iskateley,RU,2021-10-28 17:14:46,67.6803,53.1512,266.98,73,23,6.94
486,Chabahar,IR,2021-10-28 17:14:46,25.2919,60.643,299.37,63,0,2.68
487,Natal,BR,2021-10-28 17:14:47,-5.795,-35.2094,304.51,48,0,7.2
488,Menongue,AO,2021-10-28 17:14:47,-14.6585,17.691,292.17,72,84,3.9
489,Lovozero,RU,2021-10-28 17:14:47,68.005,35.0117,269.06,91,100,5.4
490,Tooele,US,2021-10-28 17:12:05,40.5308,-112.2983,285.87,76,90,0.0
491,Mount Darwin,ZW,2021-10-28 17:14:48,-16.7725,31.5838,298.16,38,28,5.4
492,Akyab,MM,2021-10-28 17:14:49,20.15,92.9,299.58,79,17,2.5
493,Laguna,US,2021-10-28 17:14:49,38.421,-121.4238,294.27,96,1,2.57
494,Hauterive,FR,2021-10-28 17:14:49,46.0901,3.4459,290.03,66,42,3.13
495,Nantucket,US,2021-10-28 17:14:50,41.2835,-70.0995,284.8,86,100,11.75
496,Kangaatsiaq,GL,2021-10-28 17:14:50,68.3065,-53.4641,269.36,92,100,5.37
497,Uchaly,RU,2021-10-28 17:14:51,54.2996,59.4521,273.1,79,80,6.09
498,Sur,OM,2021-10-28 17:14:51,22.5667,59.5289,299.44,63,0,2.06
499,Verkhnevilyuysk,RU,2021-10-28 17:14:51,63.4453,120.3167,267.13,79,99,5.93
500,Macusani,PE,2021-10-28 17:14:52,-14.0833,-70.4333,281.6,63,84,5.61
501,Araouane,ML,2021-10-28 17:14:52,18.9048,-3.5265,308.05,13,48,3.09
502,Jalu,LY,2021-10-28 17:14:52,29.0331,21.5482,298.48,36,79,1.43
503,Sobolevo,RU,2021-10-28 17:14:53,54.4299,31.8996,280.06,90,9,2.24
504,Ranfurly,NZ,2021-10-28 17:14:53,-45.1333,170.1,282.4,96,78,1.32
505,Hambantota,LK,2021-10-28 17:14:54,6.1241,81.1185,299.6,81,93,2.37
506,Bonavista,CA,2021-10-28 17:15:54,48.6499,-53.1147,278.21,71,100,6.9
507,Tchibanga,GA,2021-10-28 17:15:55,-2.85,11.0333,296.79,93,68,1.53
508,Khanpur,PK,2021-10-28 17:15:55,28.6453,70.6567,298.54,18,0,2.01
509,Arona,ES,2021-10-28 17:15:55,28.0996,-16.681,294.32,53,20,8.75
510,Maralal,KE,2021-10-28 17:15:56,1.0968,36.698,293.24,43,79,5.14
511,Vanimo,PG,2021-10-28 17:15:56,-2.6741,141.3028,298.53,89,100,1.56
512,Lasa,IT,2021-10-28 17:15:57,46.6166,10.7002,286.56,57,6,1.6
513,Port Lincoln,AU,2021-10-28 17:15:57,-34.7333,135.8667,286.32,66,96,8.31
514,Murdochville,CA,2021-10-28 17:15:58,48.9583,-65.5006,276.64,55,16,4.05
515,Ukiah,US,2021-10-28 17:15:58,39.1502,-123.2078,294.27,96,90,0.0
516,Chum Phae,TH,2021-10-28 17:15:59,16.5443,102.0992,295.82,97,97,1.7
517,Puerto Escondido,MX,2021-10-28 17:15:44,15.85,-97.0667,303.61,58,20,2.57
518,Pirgos,GR,2021-10-28 17:15:59,35.1167,25.7178,292.38,67,52,4.95
519,Tanah Merah,MY,2021-10-28 17:16:00,5.8,102.15,299.05,98,83,0.49
520,San Patricio,US,2021-10-28 17:16:00,28.017,-97.5169,301.38,18,0,8.14
521,Miquelon,PM,2021-10-28 17:16:01,47.0975,-56.3814,279.15,72,100,14.35
522,Mahibadhoo,MV,2021-10-28 17:16:01,3.7833,72.9667,301.34,73,68,4.3
523,Nishihara,JP,2021-10-28 17:16:02,26.1842,127.7558,295.75,49,20,5.14
524,Sola,VU,2021-10-28 17:16:03,-13.8833,167.55,300.13,76,22,6.2
525,Bambanglipuro,ID,2021-10-28 17:16:03,-7.95,110.2833,299.3,89,100,1.72
526,Arys,KZ,2021-10-28 17:16:04,42.4252,68.795,280.27,81,100,0.51
527,Souillac,MU,2021-10-28 17:16:04,-20.5167,57.5167,297.24,78,20,4.12
528,Tarauaca,BR,2021-10-28 17:16:04,-8.1614,-70.7656,305.55,53,99,1.02
529,Benghazi,LY,2021-10-28 17:16:05,32.1167,20.0667,296.26,71,5,4.16
530,Phalaborwa,ZA,2021-10-28 17:16:05,-23.943,31.1411,294.75,55,91,2.08
531,Coulommiers,FR,2021-10-28 17:16:06,48.8145,3.085,289.1,69,2,0.89
532,Maradi,NE,2021-10-28 17:16:06,13.5,7.1017,306.73,11,88,2.83
533,Alyangula,AU,2021-10-28 17:16:07,-13.8483,136.4192,300.35,76,15,4.33
534,Cockburn Town,TC,2021-10-28 17:16:07,21.4612,-71.1419,301.35,70,71,1.72
535,Santa Luzia,BR,2021-10-28 17:16:08,-19.7697,-43.8514,303.23,43,75,2.06
536,Illapel,CL,2021-10-28 17:16:08,-31.6308,-71.1653,302.92,32,83,4.0
537,Whitehorse,CA,2021-10-28 17:16:09,60.7161,-135.0538,273.58,74,75,6.17
538,Moss Point,US,2021-10-28 17:15:22,30.4116,-88.5345,297.18,43,1,7.72
539,Juybar,IR,2021-10-28 17:16:10,36.6412,52.9124,282.24,62,0,2.7
540,Bordighera,IT,2021-10-28 17:16:10,43.7806,7.6645,292.12,62,100,2.58
541,Teguldet,RU,2021-10-28 17:16:11,57.3064,88.1667,272.77,54,100,4.14
542,Puerto Madero,MX,2021-10-28 17:16:11,14.7208,-92.4215,305.26,70,75,2.57
543,Santa Maria Del Oro,MX,2021-10-28 17:16:11,25.9333,-105.3667,293.86,25,0,0.97
544,Beloha,MG,2021-10-28 17:16:12,-25.1667,45.05,291.75,59,38,6.23
545,Kedgwick,CA,2021-10-28 17:16:12,47.6446,-67.3434,282.11,54,8,4.08
546,Polyarnyy,RU,2021-10-28 17:16:13,69.1989,33.4478,269.41,86,100,7.83
547,Moree,AU,2021-10-28 17:16:13,-29.4667,149.85,295.16,73,100,3.6
548,Mankato,US,2021-10-28 17:16:13,44.1636,-93.9994,282.69,97,90,3.09
549,Gamba,GA,2021-10-28 17:17:14,-2.65,10.0,298.66,82,53,3.46
550,Zaltan,LY,2021-10-28 17:17:14,32.947,11.8665,294.54,60,4,4.94
551,Toora-Khem,RU,2021-10-28 17:17:15,52.4675,96.11,271.06,40,100,0.53
552,Hirara,JP,2021-10-28 17:17:15,24.8,125.2833,296.88,67,99,8.27
553,Costa Rica,BR,2021-10-28 17:17:15,-23.4167,-54.65,302.9,60,33,2.62
554,Belsand,IN,2021-10-28 17:17:16,26.45,85.4,294.08,57,0,2.55
555,Ossora,RU,2021-10-28 17:17:16,59.2353,163.0719,269.37,95,100,2.68
556,Eyl,SO,2021-10-28 17:17:17,7.9803,49.8164,299.02,65,0,6.52
557,Mago,RU,2021-10-28 17:17:17,53.2514,140.1822,272.65,86,8,1.0
